Publisher_ID,Name,Address,Contact_Info
201,Pearson,221B Baker Street London,+919812345601
202,O'Reilly Media,1005 Gravenstein Hwy N Sebastopol CA,+919812345602
203,Addison-Wesley,75 Arlington St Boston MA,+919812345603
204,McGraw-Hill,2 Penn Plaza New York NY,+919812345604
205,Springer,233 Spring St New York NY,+919812345605
206,Wiley,111 River St Hoboken NJ,+919812345606
207,MIT Press,One Broadway Cambridge MA,+919812345607
208,Apress,233 Spring Street New York NY,+919812345608
209,CRC Press,6000 Broken Sound Pkwy NW Boca Raton FL,+919812345609
210,Cambridge University Press,University Printing House Cambridge,+919812345610
211,Packt Publishing,Livery Place 35 Livery Street Birmingham,+919812345611
212,No Starch Press,245 8th Street San Francisco CA,+919812345612
213,Manning Publications,20 Baldwin Rd Shelter Island NY,+919812345613
214,SAMS Publishing,800 East 96th Street Indianapolis IN,+919812345614
215,Johns Hopkins University Press,2715 N Charles St Baltimore MD,+919812345615
216,Elsevier,Radarweg 29 Amsterdam,+919812345616
217,Harvard University Press,79 Garden Street Cambridge MA,+919812345617
218,Dover Publications,1325 Franklin Avenue Garden City NY,+919812345618
219,IEEE Press,445 Hoes Lane Piscataway NJ,+919812345619
220,Oxford University Press,Great Clarendon Street Oxford,+919812345620
